,Experiment,Total_outlier_conditions,Total_subjCond,Total_out_cond_perSubjCond_porc
0,1,13,90,14.444444444444445
1,2,15,90,16.666666666666668
2,3,13,108,12.037037037037036
