,Experiment,Total_trials,Total_outliers,Total_outlier_trial_porc
0,0,72,4,5.555555555555555
1,1,1080,92,8.518518518518519
2,2,1079,100,9.267840593141798
3,3,1296,105,8.101851851851851
