,Experiment,Condition,Total_subjects,Total_outlier_subjects,Total_outlier_subjects_porc
0,0,0,18,1,5.555555555555555
1,0,1,18,1,5.555555555555555
2,0,2,18,1,5.555555555555555
3,0,3,18,1,5.555555555555555
4,0,4,18,1,5.555555555555555
5,1,0,18,2,11.11111111111111
6,1,1,18,2,11.11111111111111
7,1,2,18,2,11.11111111111111
8,1,3,18,2,11.11111111111111
9,1,4,18,2,11.11111111111111
