,Experiment,Total_trials,Total_outliers,Total_outlier_trial_porc
0,0,1080,92,8.518518518518519
1,1,1079,100,9.267840593141798
2,2,1296,105,8.101851851851851
3,3,1440,114,7.916666666666667
